"205","23","cars/5ebac3d210a71.jpg","Scooter_125","0","0","0","0","0","0","Car style","Scooter 125","0"
"206","28","cars/62aa00cb4dd0a.jpg","Honda_PCX_125","0","0","0","0","0","0","Car style","Honda PCX 125","0"
"207","28","cars/559cdaaef0034.jpg","Fiat_Panda_Air_Cond","0","1","1","1","1","5","Car style","Fiat Panda Air Cond","0"
"208","30","cars/602d48ec569b1.jpg","Fiat_500","0","1","1","1","1","2","Car style","Fiat 500","0"
"209","30","cars/51bed32889fbc.jpg","Fiat_Qubo_Family","0","1","1","1","1","5","Car style","Fiat Qubo Family","0"
"210","32","cars/56c5cf79042e5.jpg","Smart_fortwo_Automatic","0","1","1","1","1","2","Car style","Smart fortwo Automatic","1"
"211","35","cars/569a328a1150c.jpg","Smart_forfour_Automatic","0","1","1","1","1","4","Car style","Smart forfour Automatic","1"
"212","37","cars/6617afa7b07f2.jpg","Hyundai_i20","0","0","0","0","0","0","Car style","Hyundai i20","0"
"213","37","cars/5b77f23d250b3.jpg","VW_Polo","0","1","0","1","1","5","Car style","VW Polo","0"
"214","39","cars/6079640de7201.jpg","Renault_Zoe_electric_Automatic","0","0","0","1","1","5","Car style","Renault Zoe electric Automatic","1"
"215","39","cars/5695438802ac8.jpg","Skoda_fabia_Combi","0","1","1","1","1","5","Car style","Skoda fabia Combi","0"
"216","39.95","cars/64ff1031d48a0.jpg","Vw_Polo_Automatic","0","1","1","1","1","4","Car style","Vw Polo Automatic","1"
"217","44","cars/649e91d4cd62e.jpg","VW_T_Cross","0","1","0","1","1","5","Car style","VW T Cross","0"
"218","44","cars/51da9537e010e.jpg","Mercedes_Citan_5_Pax_Family","0","1","1","1","1","4","Car style","Mercedes Citan 5 Pax Family","0"
"219","45","cars/6046625560c58.jpg","Dacia_Lodgy_7_Pax","0","1","1","1","1","5","Car style","Dacia Lodgy 7 Pax","0"
"220","45","cars/62ab28152b666.jpg","Kangoo_Cargo","0","0","0","0","0","2","Car style","Kangoo Cargo","0"
"221","49.95","cars/653a2401eb64c.jpg","VW_Golf","0","1","0","1","1","5","Car style","VW Golf","0"
"222","49.95","cars/611f7623f344f.jpg","_Captur_Hibrid_Automatic","0","1","0","1","1","5","Car style"," Captur Hibrid Automatic","1"
"223","49.95","cars/5acdddf136f06.jpg","Dacia_Duster_Automatic","0","1","0","1","1","5","Car style","Dacia Duster Automatic","1"
"224","49.95","cars/64a2c36af1b5d.jpg","VW_Taigo","0","1","1","1","1","5","Car style","VW Taigo","0"
"225","52","cars/64294ebe90159.jpg","Audi_A1","0","1","1","1","1","5","Car style","Audi A1","0"
"226","52","cars/5a4f4152a0e33.jpg","Renault_Megane_Automatic","0","1","0","1","1","5","Car style","Renault Megane Automatic","1"
"227","54","cars/6097a9955f856.jpg","Renault_Gran_Scenic_7_pax","0","1","0","1","1","5","Car style","Renault Gran Scenic 7 pax","0"
"228","59","cars/5ca78f30f1c85.jpg","Lexus_CT_Hybrid_Automatic","0","1","1","1","1","5","Car style","Lexus CT Hybrid Automatic","1"
"229","59.95","cars/64281762c9970.jpg","3008_Automatic","0","1","1","1","1","5","Car style","3008 Automatic","1"
"230","59.95","cars/64294d62e6f4a.jpg","Audi_A1_Automatic","0","1","1","1","1","4","Car style","Audi A1 Automatic","1"
"231","59.95","cars/61f5232ebf202.jpg","VW_Caddy_Maxi_7_pax","0","1","0","1","1","5","Car style","VW Caddy Maxi 7 pax","0"
"232","68","cars/614ee33c01b03.jpg","Renault_Trafic_Cargo","0","1","0","1","1","2","Car style","Renault Trafic Cargo","0"
"233","68","cars/6048bb849a42d.jpg","Mercedes_Clase_A_Automatic","0","0","1","1","1","5","Car style","Mercedes Clase A Automatic","1"
"234","68","cars/64c2704e17702.jpg","VW_Tiguan","0","1","0","1","1","5","Car style","VW Tiguan","0"
"235","68","cars/6398433db105f.jpg","Renault_Arkana_Automatic","0","1","0","1","1","5","Car style","Renault Arkana Automatic","1"
"236","68","cars/6555f3fb9e25c.jpg","VW_T_Roc_4_p","0","1","0","1","1","5","Car style","VW T Roc 4 p","0"
"237","68","cars/661a428ebd600.jpg","Renault_Scenic_Automatic_7_pax","0","0","0","0","0","0","Car style","Renault Scenic Automatic 7 pax","0"
"238","68","cars/5b1a812a3b683.jpg","Mercedes_CLA_Automatic","0","0","0","0","0","4","Car style","Mercedes CLA Automatic","1"
"239","72","cars/5b62bd5850412.jpg","Toyota_Prius_Hibrid_Automatic","0","1","1","1","1","5","Car style","Toyota Prius Hibrid Automatic","1"
"240","75","cars/59dcc3429ee0b.jpg","Mercedez_GLA_Automatic","0","1","1","1","1","4","Car style","Mercedez GLA Automatic","1"
"241","75","cars/5af18f4f78b66.jpg","Renault_trafic_9_pax","0","1","1","1","1","4","Car style","Renault trafic 9 pax","0"
"242","79.95","cars/5c5af985379b4.jpg","Audi_A3_Cabrio_Automatic","0","1","0","1","1","2","Car style","Audi A3 Cabrio Automatic","1"
"243","79.95","cars/5c17870c5ffbe.jpg","BMW_X2_Automatic","0","1","0","1","0","5","Car style","BMW X2 Automatic","1"
"244","79.95","cars/630603e207814.jpg","T_ROC_Cabrio","0","1","1","1","1","2","Car style","T ROC Cabrio","0"
"245","79.95","cars/60701b870fd8e.jpg","VW_Crafter_Cargo","0","1","1","1","1","3","Car style","VW Crafter Cargo","0"
"246","79.95","cars/63bc1f56b4732.jpg","Audi_Q3_Automatic","0","1","1","1","1","5","Car style","Audi Q3 Automatic","1"
"247","89","cars/65815c5b5bb71.jpg","T_Roc_Cabrio_Automatic","0","1","0","1","1","2","Car style","T Roc Cabrio Automatic","1"
"248","89","cars/5b28dd07c39c3.jpg","Lexus_RX_450h_Automatic","0","0","0","0","0","5","Car style","Lexus RX 450h Automatic","1"
"249","89","cars/6582adbf0a53f.jpg","Skoda_Kodiaq_7_pax_Automatic","0","1","0","1","1","5","Car style","Skoda Kodiaq 7 pax Automatic","1"
"250","89.95","cars/5e42913251247.jpg","Renault_Kadjar_Automatic","0","0","1","0","1","5","Car style","Renault Kadjar Automatic","1"
"251","89.95","cars/5948de6d35e33.jpg","Mercedes_Vito_Automatic_9_pax","0","1","1","1","1","4","Car style","Mercedes Vito Automatic 9 pax","1"
"252","102","cars/544fd449363d0.jpg","Mercedez_C_clase_Automatico","0","1","1","1","1","4","Car style","Mercedez C clase Automatico","1"
"253","119","cars/647467a188023.jpg","SLC_cabrio_Automatic","0","1","1","1","1","2","Car style","SLC cabrio Automatic","1"
"254","119","cars/590364e277114.jpg","Mercedes_C_cabrio_Automatic","0","1","1","1","1","2","Car style","Mercedes C cabrio Automatic","1"
"255","119","cars/5b8fdbd7ee34e.jpg","BMW_4_Cabrio_Automatic","0","1","1","1","1","2","Car style","BMW 4 Cabrio Automatic","1"
"256","119","cars/60ad2550c0931.jpg","Audi_A6_Automatic","0","0","0","0","0","4","Car style","Audi A6 Automatic","0"
"257","129","cars/613cf80b41203.jpg","Audi_A8_Automatic","0","1","1","1","1","4","Car style","Audi A8 Automatic","1"
"258","129","cars/602bdf522b408.jpg","Mercedes_S_Automatic","0","1","1","1","1","4","Car style","Mercedes S Automatic","1"
"259","129","cars/602d75ed4057f.jpg","Audi_A_5_Automatic","0","1","1","1","1","2","Car style","Audi A 5 Automatic","1"
"260","129","cars/6373a6c49cd5a.jpg","Audi_Q5_Automatic","0","0","1","1","1","5","Car style","Audi Q5 Automatic","1"
"261","129","cars/54e9a2a94d301.jpg","BMW_X5_Automatic","0","1","1","1","1","4","Car style","BMW X5 Automatic","1"
"262","159","cars/603248d88d865.jpg","Mercedes_E_Cabrio_Automatic","0","1","1","1","1","2","Car style","Mercedes E Cabrio Automatic","1"
"263","159","cars/5948d85f957e2.jpg","Mercedes_V_Automatic_8_pax","0","1","1","1","1","4","Car style","Mercedes V Automatic 8 pax","1"
"264","159","cars/5a9598bbac186.jpg","Mercedes_GLE_coupe_Automatic","0","1","1","1","1","4","Car style","Mercedes GLE coupe Automatic","1"
"265","159","cars/5c0e95693a841.jpg","VW_Tuareg_Automatic","0","1","0","1","1","5","Car style","VW Tuareg Automatic","1"
"266","179","cars/61cb35eab43f4.jpg","Audi_Q7_Automatic_7_Pax","0","1","1","1","1","5","Car style","Audi Q7 Automatic 7 Pax","1"
"267","289","cars/5e33149e35c4d.jpg","BMW_X5_4_0_Automatic","0","1","1","1","1","5","Car style","BMW X5 4 0 Automatic","1"
"268","289","cars/63b7ebd5a6f88.jpg","Tesla_Model_X","0","0","0","0","0","5","Car style","Tesla Model X","1"
"269","359","cars/60379cf0cb092.jpg","Audi_Q8_Automatic","0","1","0","1","1","5","Car style","Audi Q8 Automatic","1"
"270","389","cars/62c307a2b78bc.jpg","GLE_AMG_Automatic","0","1","1","1","1","5","Car style","GLE AMG Automatic","1"
"271","749","cars/62e283374da98.jpg","Audi_RS_Q8_Automatic","0","1","0","1","1","5","Car style","Audi RS Q8 Automatic","1"
